scenario_group,attack_case,mode,attack_profile,status,decision,error,latency_ms,unauthorized_success,expected_reject,invariant_violated
A,fake_session_id,mcpd,,error,,session not found or expired,0.334,0,1,0
A,expired_session,mcpd,,error,,session not found or expired,0.899,0,1,0
A,session_token_theft,mcpd,,error,,session is bound to a different peer identity,3.525,0,1,0
A,fake_session_id,mcpd,,error,,session not found or expired,0.45,0,1,0
A,expired_session,mcpd,,error,,session not found or expired,4.266,0,1,0
A,session_token_theft,mcpd,,error,,session is bound to a different peer identity,2.132,0,1,0
A,fake_session_id,mcpd,,error,,session not found or expired,2.88,0,1,0
A,expired_session,mcpd,,error,,session not found or expired,4.555,0,1,0
A,session_token_theft,mcpd,,error,,session is bound to a different peer identity,1.105,0,1,0
A,fake_session_id,mcpd,,error,,session not found or expired,0.446,0,1,0
A,expired_session,mcpd,,error,,session not found or expired,1.242,0,1,0
A,session_token_theft,mcpd,,error,,session is bound to a different peer identity,3.763,0,1,0
A,fake_session_id,mcpd,,error,,session not found or expired,1.378,0,1,0
A,expired_session,mcpd,,error,,session not found or expired,2.951,0,1,0
A,session_token_theft,mcpd,,error,,session is bound to a different peer identity,1.689,0,1,0
A,fake_session_id,mcpd,,error,,session not found or expired,0.546,0,1,0
A,expired_session,mcpd,,error,,session not found or expired,0.67,0,1,0
A,session_token_theft,mcpd,,error,,session is bound to a different peer identity,9.311,0,1,0
A,fake_session_id,mcpd,,error,,session not found or expired,8.599,0,1,0
A,expired_session,mcpd,,error,,session not found or expired,0.819,0,1,0
A,session_token_theft,mcpd,,error,,session is bound to a different peer identity,3.154,0,1,0
A,fake_session_id,mcpd,,error,,session not found or expired,5.573,0,1,0
A,expired_session,mcpd,,error,,session not found or expired,1.561,0,1,0
A,session_token_theft,mcpd,,error,,session is bound to a different peer identity,4.762,0,1,0
B,forged_approval_ticket,mcpd,,error,DEFER,kernel arbitration deferred: approval_ticket_unknown,8.918,0,1,0
B,cross_agent_ticket_reuse,mcpd,,error,DEFER,kernel arbitration deferred: approval_ticket_scope_mismatch,1.558,0,1,0
B,cross_tool_ticket_reuse,mcpd,,error,DEFER,kernel arbitration deferred: approval_ticket_scope_mismatch,6.155,0,1,0
B,expired_ticket_replay,mcpd,,error,DEFER,kernel arbitration deferred: approval_ticket_unknown,2.769,0,1,0
B,denied_ticket_reuse,mcpd,,error,DEFER,kernel arbitration deferred: approval_ticket_scope_mismatch,1.247,0,1,0
B,forged_approval_ticket,mcpd,,error,DEFER,kernel arbitration deferred: approval_ticket_unknown,3.688,0,1,0
B,cross_agent_ticket_reuse,mcpd,,error,DEFER,kernel arbitration deferred: approval_ticket_scope_mismatch,0.991,0,1,0
B,cross_tool_ticket_reuse,mcpd,,error,DEFER,kernel arbitration deferred: approval_ticket_scope_mismatch,7.999,0,1,0
B,expired_ticket_replay,mcpd,,error,DEFER,kernel arbitration deferred: approval_ticket_unknown,15.789,0,1,0
B,denied_ticket_reuse,mcpd,,error,DEFER,kernel arbitration deferred: approval_ticket_scope_mismatch,1.158,0,1,0
B,forged_approval_ticket,mcpd,,error,DEFER,kernel arbitration deferred: approval_ticket_unknown,2.66,0,1,0
B,cross_agent_ticket_reuse,mcpd,,error,DEFER,kernel arbitration deferred: approval_ticket_scope_mismatch,1.035,0,1,0
B,cross_tool_ticket_reuse,mcpd,,error,DEFER,kernel arbitration deferred: approval_ticket_scope_mismatch,1.895,0,1,0
B,expired_ticket_replay,mcpd,,error,DEFER,kernel arbitration deferred: approval_ticket_unknown,5.7,0,1,0
B,denied_ticket_reuse,mcpd,,error,DEFER,kernel arbitration deferred: approval_ticket_scope_mismatch,0.801,0,1,0
B,forged_approval_ticket,mcpd,,error,DEFER,kernel arbitration deferred: approval_ticket_unknown,0.997,0,1,0
B,cross_agent_ticket_reuse,mcpd,,error,DEFER,kernel arbitration deferred: approval_ticket_scope_mismatch,3.743,0,1,0
B,cross_tool_ticket_reuse,mcpd,,error,DEFER,kernel arbitration deferred: approval_ticket_scope_mismatch,3.774,0,1,0
B,expired_ticket_replay,mcpd,,error,DEFER,kernel arbitration deferred: approval_ticket_unknown,3.898,0,1,0
B,denied_ticket_reuse,mcpd,,error,DEFER,kernel arbitration deferred: approval_ticket_scope_mismatch,0.965,0,1,0
B,forged_approval_ticket,mcpd,,error,DEFER,kernel arbitration deferred: approval_ticket_unknown,0.768,0,1,0
B,cross_agent_ticket_reuse,mcpd,,error,DEFER,kernel arbitration deferred: approval_ticket_scope_mismatch,1.078,0,1,0
B,cross_tool_ticket_reuse,mcpd,,error,DEFER,kernel arbitration deferred: approval_ticket_scope_mismatch,8.149,0,1,0
B,expired_ticket_replay,mcpd,,error,DEFER,kernel arbitration deferred: approval_ticket_unknown,7.998,0,1,0
B,denied_ticket_reuse,mcpd,,error,DEFER,kernel arbitration deferred: approval_ticket_scope_mismatch,0.86,0,1,0
B,forged_approval_ticket,mcpd,,error,DEFER,kernel arbitration deferred: approval_ticket_unknown,2.696,0,1,0
B,cross_agent_ticket_reuse,mcpd,,error,DEFER,kernel arbitration deferred: approval_ticket_scope_mismatch,1.148,0,1,0
B,cross_tool_ticket_reuse,mcpd,,error,DEFER,kernel arbitration deferred: approval_ticket_scope_mismatch,6.058,0,1,0
B,expired_ticket_replay,mcpd,,error,DEFER,kernel arbitration deferred: approval_ticket_unknown,4.315,0,1,0
B,denied_ticket_reuse,mcpd,,error,DEFER,kernel arbitration deferred: approval_ticket_scope_mismatch,1.391,0,1,0
B,forged_approval_ticket,mcpd,,error,DEFER,kernel arbitration deferred: approval_ticket_unknown,1.215,0,1,0
B,cross_agent_ticket_reuse,mcpd,,error,DEFER,kernel arbitration deferred: approval_ticket_scope_mismatch,14.584,0,1,0
B,cross_tool_ticket_reuse,mcpd,,error,DEFER,kernel arbitration deferred: approval_ticket_scope_mismatch,4.067,0,1,0
B,expired_ticket_replay,mcpd,,error,DEFER,kernel arbitration deferred: approval_ticket_unknown,7.392,0,1,0
B,denied_ticket_reuse,mcpd,,error,DEFER,kernel arbitration deferred: approval_ticket_scope_mismatch,2.226,0,1,0
B,forged_approval_ticket,mcpd,,error,DEFER,kernel arbitration deferred: approval_ticket_unknown,6.459,0,1,0
B,cross_agent_ticket_reuse,mcpd,,error,DEFER,kernel arbitration deferred: approval_ticket_scope_mismatch,0.843,0,1,0
B,cross_tool_ticket_reuse,mcpd,,error,DEFER,kernel arbitration deferred: approval_ticket_scope_mismatch,0.82,0,1,0
B,expired_ticket_replay,mcpd,,error,DEFER,kernel arbitration deferred: approval_ticket_unknown,8.8,0,1,0
B,denied_ticket_reuse,mcpd,,error,DEFER,kernel arbitration deferred: approval_ticket_scope_mismatch,0.918,0,1,0
C,hash_mismatch,mcpd,,error,DENY,kernel arbitration denied: hash_mismatch,1.172,0,1,0
C,wrong_app_binding,mcpd,,error,,tool_id=2 does not belong to app_id=workspace_app (expected notes_app),1.071,0,1,0
C,stale_catalog_replay,mcpd,,error,DENY,kernel arbitration denied: hash_mismatch,1.439,0,1,0
C,hash_mismatch,mcpd,,error,DENY,kernel arbitration denied: hash_mismatch,1.071,0,1,0
C,wrong_app_binding,mcpd,,error,,tool_id=2 does not belong to app_id=workspace_app (expected notes_app),1.258,0,1,0
C,stale_catalog_replay,mcpd,,error,DENY,kernel arbitration denied: hash_mismatch,1.374,0,1,0
C,hash_mismatch,mcpd,,error,DENY,kernel arbitration denied: hash_mismatch,0.906,0,1,0
C,wrong_app_binding,mcpd,,error,,tool_id=2 does not belong to app_id=workspace_app (expected notes_app),5.199,0,1,0
C,stale_catalog_replay,mcpd,,error,DENY,kernel arbitration denied: hash_mismatch,1.093,0,1,0
C,hash_mismatch,mcpd,,error,DENY,kernel arbitration denied: hash_mismatch,1.257,0,1,0
C,wrong_app_binding,mcpd,,error,,tool_id=2 does not belong to app_id=workspace_app (expected notes_app),1.462,0,1,0
C,stale_catalog_replay,mcpd,,error,DENY,kernel arbitration denied: hash_mismatch,2.115,0,1,0
C,hash_mismatch,mcpd,,error,DENY,kernel arbitration denied: hash_mismatch,2.509,0,1,0
C,wrong_app_binding,mcpd,,error,,tool_id=2 does not belong to app_id=workspace_app (expected notes_app),1.271,0,1,0
C,stale_catalog_replay,mcpd,,error,DENY,kernel arbitration denied: hash_mismatch,1.722,0,1,0
C,hash_mismatch,mcpd,,error,DENY,kernel arbitration denied: hash_mismatch,7.009,0,1,0
C,wrong_app_binding,mcpd,,error,,tool_id=2 does not belong to app_id=workspace_app (expected notes_app),3.443,0,1,0
C,stale_catalog_replay,mcpd,,error,DENY,kernel arbitration denied: hash_mismatch,5.233,0,1,0
C,hash_mismatch,mcpd,,error,DENY,kernel arbitration denied: hash_mismatch,1.242,0,1,0
C,wrong_app_binding,mcpd,,error,,tool_id=2 does not belong to app_id=workspace_app (expected notes_app),1.238,0,1,0
C,stale_catalog_replay,mcpd,,error,DENY,kernel arbitration denied: hash_mismatch,13.506,0,1,0
C,hash_mismatch,mcpd,,error,DENY,kernel arbitration denied: hash_mismatch,2.876,0,1,0
C,wrong_app_binding,mcpd,,error,,tool_id=2 does not belong to app_id=workspace_app (expected notes_app),2.356,0,1,0
C,stale_catalog_replay,mcpd,,error,DENY,kernel arbitration denied: hash_mismatch,2.22,0,1,0
E,toctou_hash_mismatch_after_approval,mcpd,,error,DENY,kernel arbitration denied: hash_mismatch,0.939,0,1,0
E,toctou_tool_swap_after_approval,mcpd,,error,DEFER,kernel arbitration deferred: approval_ticket_scope_mismatch,5.214,0,1,0
E,toctou_hash_mismatch_after_approval,mcpd,,error,DENY,kernel arbitration denied: hash_mismatch,1.217,0,1,0
E,toctou_tool_swap_after_approval,mcpd,,error,DEFER,kernel arbitration deferred: approval_ticket_scope_mismatch,7.642,0,1,0
E,toctou_hash_mismatch_after_approval,mcpd,,error,DENY,kernel arbitration denied: hash_mismatch,0.897,0,1,0
E,toctou_tool_swap_after_approval,mcpd,,error,DEFER,kernel arbitration deferred: approval_ticket_scope_mismatch,1.164,0,1,0
E,toctou_hash_mismatch_after_approval,mcpd,,error,DENY,kernel arbitration denied: hash_mismatch,0.984,0,1,0
E,toctou_tool_swap_after_approval,mcpd,,error,DEFER,kernel arbitration deferred: approval_ticket_scope_mismatch,1.045,0,1,0
E,toctou_hash_mismatch_after_approval,mcpd,,error,DENY,kernel arbitration denied: hash_mismatch,4.718,0,1,0
E,toctou_tool_swap_after_approval,mcpd,,error,DEFER,kernel arbitration deferred: approval_ticket_scope_mismatch,1.128,0,1,0
E,toctou_hash_mismatch_after_approval,mcpd,,error,DENY,kernel arbitration denied: hash_mismatch,0.816,0,1,0
E,toctou_tool_swap_after_approval,mcpd,,error,DEFER,kernel arbitration deferred: approval_ticket_scope_mismatch,1.244,0,1,0
E,toctou_hash_mismatch_after_approval,mcpd,,error,DENY,kernel arbitration denied: hash_mismatch,0.674,0,1,0
E,toctou_tool_swap_after_approval,mcpd,,error,DEFER,kernel arbitration deferred: approval_ticket_scope_mismatch,1.52,0,1,0
E,toctou_hash_mismatch_after_approval,mcpd,,error,DENY,kernel arbitration denied: hash_mismatch,0.878,0,1,0
E,toctou_tool_swap_after_approval,mcpd,,error,DEFER,kernel arbitration deferred: approval_ticket_scope_mismatch,3.609,0,1,0
D,invalid_session_hash_bypass,mcpd,,error,,session not found or expired,2.02,0,1,0
D,approval_required_bypass,mcpd,,error,,session not found or expired,0.204,0,1,0
D,invalid_session_hash_bypass,mcpd,,error,,session not found or expired,1.727,0,1,0
D,approval_required_bypass,mcpd,,error,,session not found or expired,0.38,0,1,0
D,invalid_session_hash_bypass,mcpd,,error,,session not found or expired,0.229,0,1,0
D,approval_required_bypass,mcpd,,error,,session not found or expired,0.676,0,1,0
D,invalid_session_hash_bypass,mcpd,,error,,session not found or expired,0.468,0,1,0
D,approval_required_bypass,mcpd,,error,,session not found or expired,0.44,0,1,0
D,invalid_session_hash_bypass,mcpd,,error,,session not found or expired,0.191,0,1,0
D,approval_required_bypass,mcpd,,error,,session not found or expired,0.201,0,1,0
D,invalid_session_hash_bypass,mcpd,,error,,session not found or expired,0.319,0,1,0
D,approval_required_bypass,mcpd,,error,,session not found or expired,4.419,0,1,0
D,invalid_session_hash_bypass,mcpd,,error,,session not found or expired,3.494,0,1,0
D,approval_required_bypass,mcpd,,error,,session not found or expired,1.576,0,1,0
D,invalid_session_hash_bypass,mcpd,,error,,session not found or expired,0.365,0,1,0
D,approval_required_bypass,mcpd,,error,,session not found or expired,0.417,0,1,0
A,fake_session_id,userspace_semantic_plane,,error,,session not found or expired,5.694,0,1,0
A,expired_session,userspace_semantic_plane,,error,,session not found or expired,1.085,0,1,0
A,session_token_theft,userspace_semantic_plane,,error,,session is bound to a different peer identity,1.291,0,1,0
A,fake_session_id,userspace_semantic_plane,,error,,session not found or expired,1.342,0,1,0
A,expired_session,userspace_semantic_plane,,error,,session not found or expired,0.443,0,1,0
A,session_token_theft,userspace_semantic_plane,,error,,session is bound to a different peer identity,1.448,0,1,0
A,fake_session_id,userspace_semantic_plane,,error,,session not found or expired,3.538,0,1,0
A,expired_session,userspace_semantic_plane,,error,,session not found or expired,2.001,0,1,0
A,session_token_theft,userspace_semantic_plane,,error,,session is bound to a different peer identity,1.063,0,1,0
A,fake_session_id,userspace_semantic_plane,,error,,session not found or expired,0.486,0,1,0
A,expired_session,userspace_semantic_plane,,error,,session not found or expired,2.908,0,1,0
A,session_token_theft,userspace_semantic_plane,,error,,session is bound to a different peer identity,1.098,0,1,0
A,fake_session_id,userspace_semantic_plane,,error,,session not found or expired,0.244,0,1,0
A,expired_session,userspace_semantic_plane,,error,,session not found or expired,0.397,0,1,0
A,session_token_theft,userspace_semantic_plane,,error,,session is bound to a different peer identity,1.762,0,1,0
A,fake_session_id,userspace_semantic_plane,,error,,session not found or expired,0.42,0,1,0
A,expired_session,userspace_semantic_plane,,error,,session not found or expired,2.835,0,1,0
A,session_token_theft,userspace_semantic_plane,,error,,session is bound to a different peer identity,2.856,0,1,0
A,fake_session_id,userspace_semantic_plane,,error,,session not found or expired,0.464,0,1,0
A,expired_session,userspace_semantic_plane,,error,,session not found or expired,7.708,0,1,0
A,session_token_theft,userspace_semantic_plane,,error,,session is bound to a different peer identity,4.061,0,1,0
A,fake_session_id,userspace_semantic_plane,,error,,session not found or expired,0.298,0,1,0
A,expired_session,userspace_semantic_plane,,error,,session not found or expired,0.424,0,1,0
A,session_token_theft,userspace_semantic_plane,,error,,session is bound to a different peer identity,4.321,0,1,0
B,forged_approval_ticket,userspace_semantic_plane,,error,DEFER,kernel arbitration deferred: approval_ticket_unknown,4.261,0,1,0
B,cross_agent_ticket_reuse,userspace_semantic_plane,,error,DEFER,kernel arbitration deferred: approval_ticket_scope_mismatch,0.839,0,1,0
B,cross_tool_ticket_reuse,userspace_semantic_plane,,error,DEFER,kernel arbitration deferred: approval_ticket_scope_mismatch,0.735,0,1,0
B,expired_ticket_replay,userspace_semantic_plane,,error,DEFER,kernel arbitration deferred: approval_ticket_unknown,5.489,0,1,0
B,denied_ticket_reuse,userspace_semantic_plane,,error,DEFER,kernel arbitration deferred: approval_ticket_scope_mismatch,0.782,0,1,0
B,forged_approval_ticket,userspace_semantic_plane,,error,DEFER,kernel arbitration deferred: approval_ticket_unknown,2.245,0,1,0
B,cross_agent_ticket_reuse,userspace_semantic_plane,,error,DEFER,kernel arbitration deferred: approval_ticket_scope_mismatch,0.846,0,1,0
B,cross_tool_ticket_reuse,userspace_semantic_plane,,error,DEFER,kernel arbitration deferred: approval_ticket_scope_mismatch,0.593,0,1,0
B,expired_ticket_replay,userspace_semantic_plane,,error,DEFER,kernel arbitration deferred: approval_ticket_unknown,6.312,0,1,0
B,denied_ticket_reuse,userspace_semantic_plane,,error,DEFER,kernel arbitration deferred: approval_ticket_scope_mismatch,0.571,0,1,0
B,forged_approval_ticket,userspace_semantic_plane,,error,DEFER,kernel arbitration deferred: approval_ticket_unknown,0.599,0,1,0
B,cross_agent_ticket_reuse,userspace_semantic_plane,,error,DEFER,kernel arbitration deferred: approval_ticket_scope_mismatch,0.624,0,1,0
B,cross_tool_ticket_reuse,userspace_semantic_plane,,error,DEFER,kernel arbitration deferred: approval_ticket_scope_mismatch,0.54,0,1,0
B,expired_ticket_replay,userspace_semantic_plane,,error,DEFER,kernel arbitration deferred: approval_ticket_unknown,1.245,0,1,0
B,denied_ticket_reuse,userspace_semantic_plane,,error,DEFER,kernel arbitration deferred: approval_ticket_scope_mismatch,3.697,0,1,0
B,forged_approval_ticket,userspace_semantic_plane,,error,DEFER,kernel arbitration deferred: approval_ticket_unknown,1.683,0,1,0
B,cross_agent_ticket_reuse,userspace_semantic_plane,,error,DEFER,kernel arbitration deferred: approval_ticket_scope_mismatch,1.952,0,1,0
B,cross_tool_ticket_reuse,userspace_semantic_plane,,error,DEFER,kernel arbitration deferred: approval_ticket_scope_mismatch,0.762,0,1,0
B,expired_ticket_replay,userspace_semantic_plane,,error,DEFER,kernel arbitration deferred: approval_ticket_unknown,3.82,0,1,0
B,denied_ticket_reuse,userspace_semantic_plane,,error,DEFER,kernel arbitration deferred: approval_ticket_scope_mismatch,0.818,0,1,0
B,forged_approval_ticket,userspace_semantic_plane,,error,DEFER,kernel arbitration deferred: approval_ticket_unknown,0.754,0,1,0
B,cross_agent_ticket_reuse,userspace_semantic_plane,,error,DEFER,kernel arbitration deferred: approval_ticket_scope_mismatch,0.653,0,1,0
B,cross_tool_ticket_reuse,userspace_semantic_plane,,error,DEFER,kernel arbitration deferred: approval_ticket_scope_mismatch,1.087,0,1,0
B,expired_ticket_replay,userspace_semantic_plane,,error,DEFER,kernel arbitration deferred: approval_ticket_unknown,4.226,0,1,0
B,denied_ticket_reuse,userspace_semantic_plane,,error,DEFER,kernel arbitration deferred: approval_ticket_scope_mismatch,0.669,0,1,0
B,forged_approval_ticket,userspace_semantic_plane,,error,DEFER,kernel arbitration deferred: approval_ticket_unknown,0.602,0,1,0
B,cross_agent_ticket_reuse,userspace_semantic_plane,,error,DEFER,kernel arbitration deferred: approval_ticket_scope_mismatch,1.039,0,1,0
B,cross_tool_ticket_reuse,userspace_semantic_plane,,error,DEFER,kernel arbitration deferred: approval_ticket_scope_mismatch,0.657,0,1,0
B,expired_ticket_replay,userspace_semantic_plane,,error,DEFER,kernel arbitration deferred: approval_ticket_unknown,3.238,0,1,0
B,denied_ticket_reuse,userspace_semantic_plane,,error,DEFER,kernel arbitration deferred: approval_ticket_scope_mismatch,3.836,0,1,0
B,forged_approval_ticket,userspace_semantic_plane,,error,DEFER,kernel arbitration deferred: approval_ticket_unknown,0.583,0,1,0
B,cross_agent_ticket_reuse,userspace_semantic_plane,,error,DEFER,kernel arbitration deferred: approval_ticket_scope_mismatch,2.17,0,1,0
B,cross_tool_ticket_reuse,userspace_semantic_plane,,error,DEFER,kernel arbitration deferred: approval_ticket_scope_mismatch,3.272,0,1,0
B,expired_ticket_replay,userspace_semantic_plane,,error,DEFER,kernel arbitration deferred: approval_ticket_unknown,5.37,0,1,0
B,denied_ticket_reuse,userspace_semantic_plane,,error,DEFER,kernel arbitration deferred: approval_ticket_scope_mismatch,0.988,0,1,0
B,forged_approval_ticket,userspace_semantic_plane,,error,DEFER,kernel arbitration deferred: approval_ticket_unknown,0.735,0,1,0
B,cross_agent_ticket_reuse,userspace_semantic_plane,,error,DEFER,kernel arbitration deferred: approval_ticket_scope_mismatch,1.418,0,1,0
B,cross_tool_ticket_reuse,userspace_semantic_plane,,error,DEFER,kernel arbitration deferred: approval_ticket_scope_mismatch,0.735,0,1,0
B,expired_ticket_replay,userspace_semantic_plane,,error,DEFER,kernel arbitration deferred: approval_ticket_unknown,3.058,0,1,0
B,denied_ticket_reuse,userspace_semantic_plane,,error,DEFER,kernel arbitration deferred: approval_ticket_scope_mismatch,4.364,0,1,0
C,hash_mismatch,userspace_semantic_plane,,error,DENY,kernel arbitration denied: hash_mismatch,4.169,0,1,0
C,wrong_app_binding,userspace_semantic_plane,,error,,tool_id=2 does not belong to app_id=workspace_app (expected notes_app),0.817,0,1,0
C,stale_catalog_replay,userspace_semantic_plane,,error,DENY,kernel arbitration denied: hash_mismatch,0.596,0,1,0
C,hash_mismatch,userspace_semantic_plane,,error,DENY,kernel arbitration denied: hash_mismatch,2.067,0,1,0
C,wrong_app_binding,userspace_semantic_plane,,error,,tool_id=2 does not belong to app_id=workspace_app (expected notes_app),0.548,0,1,0
C,stale_catalog_replay,userspace_semantic_plane,,error,DENY,kernel arbitration denied: hash_mismatch,0.54,0,1,0
C,hash_mismatch,userspace_semantic_plane,,error,DENY,kernel arbitration denied: hash_mismatch,0.561,0,1,0
C,wrong_app_binding,userspace_semantic_plane,,error,,tool_id=2 does not belong to app_id=workspace_app (expected notes_app),0.538,0,1,0
C,stale_catalog_replay,userspace_semantic_plane,,error,DENY,kernel arbitration denied: hash_mismatch,0.687,0,1,0
C,hash_mismatch,userspace_semantic_plane,,error,DENY,kernel arbitration denied: hash_mismatch,0.82,0,1,0
C,wrong_app_binding,userspace_semantic_plane,,error,,tool_id=2 does not belong to app_id=workspace_app (expected notes_app),1.111,0,1,0
C,stale_catalog_replay,userspace_semantic_plane,,error,DENY,kernel arbitration denied: hash_mismatch,5.942,0,1,0
C,hash_mismatch,userspace_semantic_plane,,error,DENY,kernel arbitration denied: hash_mismatch,0.617,0,1,0
C,wrong_app_binding,userspace_semantic_plane,,error,,tool_id=2 does not belong to app_id=workspace_app (expected notes_app),0.579,0,1,0
C,stale_catalog_replay,userspace_semantic_plane,,error,DENY,kernel arbitration denied: hash_mismatch,0.57,0,1,0
C,hash_mismatch,userspace_semantic_plane,,error,DENY,kernel arbitration denied: hash_mismatch,0.549,0,1,0
C,wrong_app_binding,userspace_semantic_plane,,error,,tool_id=2 does not belong to app_id=workspace_app (expected notes_app),0.605,0,1,0
C,stale_catalog_replay,userspace_semantic_plane,,error,DENY,kernel arbitration denied: hash_mismatch,0.739,0,1,0
C,hash_mismatch,userspace_semantic_plane,,error,DENY,kernel arbitration denied: hash_mismatch,2.403,0,1,0
C,wrong_app_binding,userspace_semantic_plane,,error,,tool_id=2 does not belong to app_id=workspace_app (expected notes_app),0.979,0,1,0
C,stale_catalog_replay,userspace_semantic_plane,,error,DENY,kernel arbitration denied: hash_mismatch,1.021,0,1,0
C,hash_mismatch,userspace_semantic_plane,,error,DENY,kernel arbitration denied: hash_mismatch,2.623,0,1,0
C,wrong_app_binding,userspace_semantic_plane,,error,,tool_id=2 does not belong to app_id=workspace_app (expected notes_app),0.814,0,1,0
C,stale_catalog_replay,userspace_semantic_plane,,error,DENY,kernel arbitration denied: hash_mismatch,0.84,0,1,0
E,toctou_hash_mismatch_after_approval,userspace_semantic_plane,,error,DENY,kernel arbitration denied: hash_mismatch,0.706,0,1,0
E,toctou_tool_swap_after_approval,userspace_semantic_plane,,error,DEFER,kernel arbitration deferred: approval_ticket_scope_mismatch,1.144,0,1,0
E,toctou_hash_mismatch_after_approval,userspace_semantic_plane,,error,DENY,kernel arbitration denied: hash_mismatch,0.69,0,1,0
E,toctou_tool_swap_after_approval,userspace_semantic_plane,,error,DEFER,kernel arbitration deferred: approval_ticket_scope_mismatch,0.552,0,1,0
E,toctou_hash_mismatch_after_approval,userspace_semantic_plane,,error,DENY,kernel arbitration denied: hash_mismatch,0.661,0,1,0
E,toctou_tool_swap_after_approval,userspace_semantic_plane,,error,DEFER,kernel arbitration deferred: approval_ticket_scope_mismatch,0.698,0,1,0
E,toctou_hash_mismatch_after_approval,userspace_semantic_plane,,error,DENY,kernel arbitration denied: hash_mismatch,1.283,0,1,0
E,toctou_tool_swap_after_approval,userspace_semantic_plane,,error,DEFER,kernel arbitration deferred: approval_ticket_scope_mismatch,0.559,0,1,0
E,toctou_hash_mismatch_after_approval,userspace_semantic_plane,,error,DENY,kernel arbitration denied: hash_mismatch,0.669,0,1,0
E,toctou_tool_swap_after_approval,userspace_semantic_plane,,error,DEFER,kernel arbitration deferred: approval_ticket_scope_mismatch,2.641,0,1,0
E,toctou_hash_mismatch_after_approval,userspace_semantic_plane,,error,DENY,kernel arbitration denied: hash_mismatch,1.331,0,1,0
E,toctou_tool_swap_after_approval,userspace_semantic_plane,,error,DEFER,kernel arbitration deferred: approval_ticket_scope_mismatch,0.917,0,1,0
E,toctou_hash_mismatch_after_approval,userspace_semantic_plane,,error,DENY,kernel arbitration denied: hash_mismatch,9.476,0,1,0
E,toctou_tool_swap_after_approval,userspace_semantic_plane,,error,DEFER,kernel arbitration deferred: approval_ticket_scope_mismatch,1.109,0,1,0
E,toctou_hash_mismatch_after_approval,userspace_semantic_plane,,error,DENY,kernel arbitration denied: hash_mismatch,0.792,0,1,0
E,toctou_tool_swap_after_approval,userspace_semantic_plane,,error,DEFER,kernel arbitration deferred: approval_ticket_scope_mismatch,0.693,0,1,0
D,invalid_session_hash_bypass,userspace_semantic_plane,,error,,session not found or expired,1.838,0,1,0
D,approval_required_bypass,userspace_semantic_plane,,error,,session not found or expired,0.13,0,1,0
D,invalid_session_hash_bypass,userspace_semantic_plane,,error,,session not found or expired,0.204,0,1,0
D,approval_required_bypass,userspace_semantic_plane,,error,,session not found or expired,0.323,0,1,0
D,invalid_session_hash_bypass,userspace_semantic_plane,,error,,session not found or expired,0.231,0,1,0
D,approval_required_bypass,userspace_semantic_plane,,error,,session not found or expired,0.178,0,1,0
D,invalid_session_hash_bypass,userspace_semantic_plane,,error,,session not found or expired,0.188,0,1,0
D,approval_required_bypass,userspace_semantic_plane,,error,,session not found or expired,0.169,0,1,0
D,invalid_session_hash_bypass,userspace_semantic_plane,,error,,session not found or expired,0.196,0,1,0
D,approval_required_bypass,userspace_semantic_plane,,error,,session not found or expired,1.783,0,1,0
D,invalid_session_hash_bypass,userspace_semantic_plane,,error,,session not found or expired,0.136,0,1,0
D,approval_required_bypass,userspace_semantic_plane,,error,,session not found or expired,0.108,0,1,0
D,invalid_session_hash_bypass,userspace_semantic_plane,,error,,session not found or expired,0.142,0,1,0
D,approval_required_bypass,userspace_semantic_plane,,error,,session not found or expired,0.108,0,1,0
D,invalid_session_hash_bypass,userspace_semantic_plane,,error,,session not found or expired,0.09,0,1,0
D,approval_required_bypass,userspace_semantic_plane,,error,,session not found or expired,0.095,0,1,0
A,fake_session_id,userspace_tamper_session,tamper_session,ok,ALLOW,,9.876,1,1,1
A,expired_session,userspace_tamper_session,tamper_session,ok,ALLOW,,7.752,1,1,1
A,session_token_theft,userspace_tamper_session,tamper_session,error,,agent_id is bound to a different peer identity,4.959,0,1,0
A,fake_session_id,userspace_tamper_session,tamper_session,ok,ALLOW,,4.256,1,1,1
A,expired_session,userspace_tamper_session,tamper_session,ok,ALLOW,,6.908,1,1,1
A,session_token_theft,userspace_tamper_session,tamper_session,error,,agent_id is bound to a different peer identity,4.373,0,1,0
A,fake_session_id,userspace_tamper_session,tamper_session,ok,ALLOW,,4.907,1,1,1
A,expired_session,userspace_tamper_session,tamper_session,ok,ALLOW,,3.09,1,1,1
A,session_token_theft,userspace_tamper_session,tamper_session,error,,agent_id is bound to a different peer identity,5.945,0,1,0
A,fake_session_id,userspace_tamper_session,tamper_session,ok,ALLOW,,8.338,1,1,1
A,expired_session,userspace_tamper_session,tamper_session,ok,ALLOW,,8.441,1,1,1
A,session_token_theft,userspace_tamper_session,tamper_session,error,,agent_id is bound to a different peer identity,6.396,0,1,0
A,fake_session_id,userspace_tamper_session,tamper_session,ok,ALLOW,,6.773,1,1,1
A,expired_session,userspace_tamper_session,tamper_session,ok,ALLOW,,4.901,1,1,1
A,session_token_theft,userspace_tamper_session,tamper_session,error,,agent_id is bound to a different peer identity,10.247,0,1,0
A,fake_session_id,userspace_tamper_session,tamper_session,ok,ALLOW,,5.804,1,1,1
A,expired_session,userspace_tamper_session,tamper_session,ok,ALLOW,,1.908,1,1,1
A,session_token_theft,userspace_tamper_session,tamper_session,error,,agent_id is bound to a different peer identity,15.262,0,1,0
A,fake_session_id,userspace_tamper_session,tamper_session,ok,ALLOW,,58.68,1,1,1
A,expired_session,userspace_tamper_session,tamper_session,ok,ALLOW,,22.346,1,1,1
A,session_token_theft,userspace_tamper_session,tamper_session,error,,agent_id is bound to a different peer identity,5.917,0,1,0
A,fake_session_id,userspace_tamper_session,tamper_session,ok,ALLOW,,17.755,1,1,1
A,expired_session,userspace_tamper_session,tamper_session,ok,ALLOW,,18.054,1,1,1
A,session_token_theft,userspace_tamper_session,tamper_session,error,,agent_id is bound to a different peer identity,19.943,0,1,0
B,forged_approval_ticket,userspace_tamper_approval,tamper_approval,ok,ALLOW,,85.481,1,1,1
B,cross_agent_ticket_reuse,userspace_tamper_approval,tamper_approval,ok,ALLOW,,9.77,1,1,1
B,cross_tool_ticket_reuse,userspace_tamper_approval,tamper_approval,ok,ALLOW,,16.113,1,1,1
B,expired_ticket_replay,userspace_tamper_approval,tamper_approval,ok,ALLOW,,20.61,1,1,1
B,denied_ticket_reuse,userspace_tamper_approval,tamper_approval,ok,ALLOW,,59.854,1,1,1
B,forged_approval_ticket,userspace_tamper_approval,tamper_approval,ok,ALLOW,,61.339,1,1,1
B,cross_agent_ticket_reuse,userspace_tamper_approval,tamper_approval,ok,ALLOW,,48.135,1,1,1
B,cross_tool_ticket_reuse,userspace_tamper_approval,tamper_approval,ok,ALLOW,,57.32,1,1,1
B,expired_ticket_replay,userspace_tamper_approval,tamper_approval,ok,ALLOW,,19.284,1,1,1
B,denied_ticket_reuse,userspace_tamper_approval,tamper_approval,ok,ALLOW,,49.765,1,1,1
B,forged_approval_ticket,userspace_tamper_approval,tamper_approval,ok,ALLOW,,47.003,1,1,1
B,cross_agent_ticket_reuse,userspace_tamper_approval,tamper_approval,ok,ALLOW,,54.096,1,1,1
B,cross_tool_ticket_reuse,userspace_tamper_approval,tamper_approval,ok,ALLOW,,33.062,1,1,1
B,expired_ticket_replay,userspace_tamper_approval,tamper_approval,ok,ALLOW,,208.106,1,1,1
B,denied_ticket_reuse,userspace_tamper_approval,tamper_approval,ok,ALLOW,,807.735,1,1,1
B,forged_approval_ticket,userspace_tamper_approval,tamper_approval,ok,ALLOW,,167.933,1,1,1
B,cross_agent_ticket_reuse,userspace_tamper_approval,tamper_approval,ok,ALLOW,,419.458,1,1,1
B,cross_tool_ticket_reuse,userspace_tamper_approval,tamper_approval,ok,ALLOW,,267.06,1,1,1
B,expired_ticket_replay,userspace_tamper_approval,tamper_approval,ok,ALLOW,,363.782,1,1,1
B,denied_ticket_reuse,userspace_tamper_approval,tamper_approval,ok,ALLOW,,9.02,1,1,1
B,forged_approval_ticket,userspace_tamper_approval,tamper_approval,ok,ALLOW,,136.761,1,1,1
B,cross_agent_ticket_reuse,userspace_tamper_approval,tamper_approval,ok,ALLOW,,1385.785,1,1,1
B,cross_tool_ticket_reuse,userspace_tamper_approval,tamper_approval,ok,ALLOW,,396.139,1,1,1
B,expired_ticket_replay,userspace_tamper_approval,tamper_approval,ok,ALLOW,,80.645,1,1,1
B,denied_ticket_reuse,userspace_tamper_approval,tamper_approval,ok,ALLOW,,280.387,1,1,1
B,forged_approval_ticket,userspace_tamper_approval,tamper_approval,ok,ALLOW,,109.184,1,1,1
B,cross_agent_ticket_reuse,userspace_tamper_approval,tamper_approval,ok,ALLOW,,72.513,1,1,1
B,cross_tool_ticket_reuse,userspace_tamper_approval,tamper_approval,ok,ALLOW,,173.853,1,1,1
B,expired_ticket_replay,userspace_tamper_approval,tamper_approval,ok,ALLOW,,58.747,1,1,1
B,denied_ticket_reuse,userspace_tamper_approval,tamper_approval,ok,ALLOW,,268.68,1,1,1
B,forged_approval_ticket,userspace_tamper_approval,tamper_approval,ok,ALLOW,,17.139,1,1,1
B,cross_agent_ticket_reuse,userspace_tamper_approval,tamper_approval,ok,ALLOW,,5.541,1,1,1
B,cross_tool_ticket_reuse,userspace_tamper_approval,tamper_approval,ok,ALLOW,,12.842,1,1,1
B,expired_ticket_replay,userspace_tamper_approval,tamper_approval,ok,ALLOW,,16.616,1,1,1
B,denied_ticket_reuse,userspace_tamper_approval,tamper_approval,ok,ALLOW,,5.018,1,1,1
B,forged_approval_ticket,userspace_tamper_approval,tamper_approval,ok,ALLOW,,6.654,1,1,1
B,cross_agent_ticket_reuse,userspace_tamper_approval,tamper_approval,ok,ALLOW,,23.578,1,1,1
B,cross_tool_ticket_reuse,userspace_tamper_approval,tamper_approval,ok,ALLOW,,44.518,1,1,1
B,expired_ticket_replay,userspace_tamper_approval,tamper_approval,ok,ALLOW,,41.457,1,1,1
B,denied_ticket_reuse,userspace_tamper_approval,tamper_approval,ok,ALLOW,,2.101,1,1,1
E,toctou_hash_mismatch_after_approval,userspace_tamper_approval,tamper_approval,error,DENY,kernel arbitration denied: hash_mismatch,0.842,0,1,0
E,toctou_tool_swap_after_approval,userspace_tamper_approval,tamper_approval,ok,ALLOW,,30.758,1,1,1
E,toctou_hash_mismatch_after_approval,userspace_tamper_approval,tamper_approval,error,DENY,kernel arbitration denied: hash_mismatch,0.745,0,1,0
E,toctou_tool_swap_after_approval,userspace_tamper_approval,tamper_approval,ok,ALLOW,,4.351,1,1,1
E,toctou_hash_mismatch_after_approval,userspace_tamper_approval,tamper_approval,error,DENY,kernel arbitration denied: hash_mismatch,0.673,0,1,0
E,toctou_tool_swap_after_approval,userspace_tamper_approval,tamper_approval,ok,ALLOW,,116.676,1,1,1
E,toctou_hash_mismatch_after_approval,userspace_tamper_approval,tamper_approval,error,DENY,kernel arbitration denied: hash_mismatch,6.934,0,1,0
E,toctou_tool_swap_after_approval,userspace_tamper_approval,tamper_approval,ok,ALLOW,,41.749,1,1,1
E,toctou_hash_mismatch_after_approval,userspace_tamper_approval,tamper_approval,error,DENY,kernel arbitration denied: hash_mismatch,0.671,0,1,0
E,toctou_tool_swap_after_approval,userspace_tamper_approval,tamper_approval,ok,ALLOW,,16.094,1,1,1
E,toctou_hash_mismatch_after_approval,userspace_tamper_approval,tamper_approval,error,DENY,kernel arbitration denied: hash_mismatch,1.256,0,1,0
E,toctou_tool_swap_after_approval,userspace_tamper_approval,tamper_approval,ok,ALLOW,,49.165,1,1,1
E,toctou_hash_mismatch_after_approval,userspace_tamper_approval,tamper_approval,error,DENY,kernel arbitration denied: hash_mismatch,2.06,0,1,0
E,toctou_tool_swap_after_approval,userspace_tamper_approval,tamper_approval,ok,ALLOW,,106.136,1,1,1
E,toctou_hash_mismatch_after_approval,userspace_tamper_approval,tamper_approval,error,DENY,kernel arbitration denied: hash_mismatch,1.302,0,1,0
E,toctou_tool_swap_after_approval,userspace_tamper_approval,tamper_approval,ok,ALLOW,,61.345,1,1,1
C,hash_mismatch,userspace_tamper_metadata,tamper_metadata,ok,ALLOW,,86.182,1,1,1
C,wrong_app_binding,userspace_tamper_metadata,tamper_metadata,ok,ALLOW,,171.192,1,1,1
C,stale_catalog_replay,userspace_tamper_metadata,tamper_metadata,ok,ALLOW,,202.957,1,1,1
C,hash_mismatch,userspace_tamper_metadata,tamper_metadata,ok,ALLOW,,1120.942,1,1,1
C,wrong_app_binding,userspace_tamper_metadata,tamper_metadata,ok,ALLOW,,381.93,1,1,1
C,stale_catalog_replay,userspace_tamper_metadata,tamper_metadata,ok,ALLOW,,972.346,1,1,1
C,hash_mismatch,userspace_tamper_metadata,tamper_metadata,ok,ALLOW,,1545.323,1,1,1
C,wrong_app_binding,userspace_tamper_metadata,tamper_metadata,ok,ALLOW,,812.277,1,1,1
C,stale_catalog_replay,userspace_tamper_metadata,tamper_metadata,ok,ALLOW,,149.296,1,1,1
C,hash_mismatch,userspace_tamper_metadata,tamper_metadata,ok,ALLOW,,150.038,1,1,1
C,wrong_app_binding,userspace_tamper_metadata,tamper_metadata,ok,ALLOW,,115.005,1,1,1
C,stale_catalog_replay,userspace_tamper_metadata,tamper_metadata,ok,ALLOW,,27.317,1,1,1
C,hash_mismatch,userspace_tamper_metadata,tamper_metadata,ok,ALLOW,,17.207,1,1,1
C,wrong_app_binding,userspace_tamper_metadata,tamper_metadata,ok,ALLOW,,266.25,1,1,1
C,stale_catalog_replay,userspace_tamper_metadata,tamper_metadata,ok,ALLOW,,60.65,1,1,1
C,hash_mismatch,userspace_tamper_metadata,tamper_metadata,ok,ALLOW,,17.091,1,1,1
C,wrong_app_binding,userspace_tamper_metadata,tamper_metadata,ok,ALLOW,,3.326,1,1,1
C,stale_catalog_replay,userspace_tamper_metadata,tamper_metadata,ok,ALLOW,,4.52,1,1,1
C,hash_mismatch,userspace_tamper_metadata,tamper_metadata,ok,ALLOW,,6.813,1,1,1
C,wrong_app_binding,userspace_tamper_metadata,tamper_metadata,ok,ALLOW,,2.435,1,1,1
C,stale_catalog_replay,userspace_tamper_metadata,tamper_metadata,ok,ALLOW,,4.89,1,1,1
C,hash_mismatch,userspace_tamper_metadata,tamper_metadata,ok,ALLOW,,9.853,1,1,1
C,wrong_app_binding,userspace_tamper_metadata,tamper_metadata,ok,ALLOW,,2.494,1,1,1
C,stale_catalog_replay,userspace_tamper_metadata,tamper_metadata,ok,ALLOW,,8.246,1,1,1
D,invalid_session_hash_bypass,userspace_compromised,compromised_userspace,ok,ALLOW,,8.184,1,1,1
D,approval_required_bypass,userspace_compromised,compromised_userspace,ok,ALLOW,,40.509,1,1,1
D,invalid_session_hash_bypass,userspace_compromised,compromised_userspace,ok,ALLOW,,9.078,1,1,1
D,approval_required_bypass,userspace_compromised,compromised_userspace,ok,ALLOW,,3.233,1,1,1
D,invalid_session_hash_bypass,userspace_compromised,compromised_userspace,ok,ALLOW,,3.194,1,1,1
D,approval_required_bypass,userspace_compromised,compromised_userspace,ok,ALLOW,,52.078,1,1,1
D,invalid_session_hash_bypass,userspace_compromised,compromised_userspace,ok,ALLOW,,11.382,1,1,1
D,approval_required_bypass,userspace_compromised,compromised_userspace,ok,ALLOW,,47.194,1,1,1
D,invalid_session_hash_bypass,userspace_compromised,compromised_userspace,ok,ALLOW,,11.024,1,1,1
D,approval_required_bypass,userspace_compromised,compromised_userspace,ok,ALLOW,,26.381,1,1,1
D,invalid_session_hash_bypass,userspace_compromised,compromised_userspace,ok,ALLOW,,16.195,1,1,1
D,approval_required_bypass,userspace_compromised,compromised_userspace,ok,ALLOW,,24.497,1,1,1
D,invalid_session_hash_bypass,userspace_compromised,compromised_userspace,ok,ALLOW,,28.794,1,1,1
D,approval_required_bypass,userspace_compromised,compromised_userspace,ok,ALLOW,,11.2,1,1,1
D,invalid_session_hash_bypass,userspace_compromised,compromised_userspace,ok,ALLOW,,3.152,1,1,1
D,approval_required_bypass,userspace_compromised,compromised_userspace,ok,ALLOW,,10.438,1,1,1
E1,direct_safe_tool,direct,,ok,,,3.35,1,1,1
E1,direct_risky_tool,direct,,ok,,,17.776,1,1,1
E1,forwarder_fake_session,forwarder_only,,error,,session not found or expired,0.373,0,1,0
