attempt,attacker_uid,sub_case,decision,reason,kernel_errno,latency_ms,outcome
0,1001,blind,DENY,binding_mismatch,0,0.015,blocked
1,1001,guessed,DENY,binding_mismatch,0,0.011,blocked
2,1001,leaked,ALLOW,allow,0,0.009,passed
3,1001,leaked,ALLOW,allow,0,0.008,passed
4,1001,guessed,DENY,binding_mismatch,0,0.008,blocked
5,1001,guessed,DENY,binding_mismatch,0,0.008,blocked
6,1001,blind,DENY,binding_mismatch,0,0.007,blocked
7,1001,leaked,ALLOW,allow,0,0.008,passed
8,1001,blind,DENY,binding_mismatch,0,0.008,blocked
9,1001,blind,DENY,binding_mismatch,0,0.007,blocked
10,1001,guessed,DENY,binding_mismatch,0,0.008,blocked
11,1001,guessed,DENY,binding_mismatch,0,0.008,blocked
12,1001,leaked,ALLOW,allow,0,0.008,passed
13,1001,leaked,ALLOW,allow,0,0.007,passed
14,1001,leaked,ALLOW,allow,0,0.007,passed
15,1001,guessed,DENY,binding_mismatch,0,0.008,blocked
16,1001,blind,DENY,binding_mismatch,0,0.007,blocked
17,1001,guessed,DENY,binding_mismatch,0,0.008,blocked
18,1001,guessed,DENY,binding_mismatch,0,0.008,blocked
19,1001,leaked,ALLOW,allow,0,0.008,passed
20,1001,leaked,ALLOW,allow,0,0.008,passed
21,1001,leaked,ALLOW,allow,0,0.007,passed
22,1001,blind,DENY,binding_mismatch,0,0.007,blocked
23,1001,guessed,DENY,binding_mismatch,0,0.007,blocked
24,1001,guessed,DENY,binding_mismatch,0,0.008,blocked
25,1001,leaked,ALLOW,allow,0,0.007,passed
26,1001,leaked,ALLOW,allow,0,0.008,passed
27,1001,leaked,ALLOW,allow,0,0.007,passed
28,1001,leaked,ALLOW,allow,0,0.007,passed
29,1001,guessed,DENY,binding_mismatch,0,0.007,blocked
30,1001,blind,DENY,binding_mismatch,0,0.007,blocked
31,1001,guessed,DENY,binding_mismatch,0,0.008,blocked
32,1001,guessed,DENY,binding_mismatch,0,0.007,blocked
33,1001,blind,DENY,binding_mismatch,0,0.007,blocked
34,1001,blind,DENY,binding_mismatch,0,0.007,blocked
35,1001,guessed,DENY,binding_mismatch,0,0.007,blocked
36,1001,guessed,DENY,binding_mismatch,0,0.007,blocked
37,1001,blind,DENY,binding_mismatch,0,0.007,blocked
38,1001,blind,DENY,binding_mismatch,0,0.007,blocked
39,1001,leaked,ALLOW,allow,0,0.007,passed
40,1001,blind,DENY,binding_mismatch,0,0.007,blocked
41,1001,leaked,ALLOW,allow,0,0.007,passed
42,1001,blind,DENY,binding_mismatch,0,0.007,blocked
43,1001,leaked,ALLOW,allow,0,0.007,passed
44,1001,leaked,ALLOW,allow,0,0.010,passed
45,1001,blind,DENY,binding_mismatch,0,0.008,blocked
46,1001,blind,DENY,binding_mismatch,0,0.007,blocked
47,1001,guessed,DENY,binding_mismatch,0,0.007,blocked
48,1001,blind,DENY,binding_mismatch,0,0.007,blocked
49,1001,guessed,DENY,binding_mismatch,0,0.007,blocked
50,1001,guessed,DENY,binding_mismatch,0,0.007,blocked
51,1001,guessed,DENY,binding_mismatch,0,0.007,blocked
52,1001,leaked,ALLOW,allow,0,0.007,passed
53,1001,guessed,DENY,binding_mismatch,0,0.007,blocked
54,1001,blind,DENY,binding_mismatch,0,0.007,blocked
55,1001,leaked,ALLOW,allow,0,0.007,passed
56,1001,guessed,DENY,binding_mismatch,0,0.008,blocked
57,1001,leaked,ALLOW,allow,0,0.007,passed
58,1001,blind,DENY,binding_mismatch,0,0.007,blocked
59,1001,guessed,DENY,binding_mismatch,0,0.007,blocked
60,1001,guessed,DENY,binding_mismatch,0,0.007,blocked
61,1001,leaked,ALLOW,allow,0,0.007,passed
62,1001,blind,DENY,binding_mismatch,0,0.007,blocked
63,1001,guessed,DENY,binding_mismatch,0,0.007,blocked
64,1001,blind,DENY,binding_mismatch,0,0.007,blocked
65,1001,blind,DENY,binding_mismatch,0,0.007,blocked
66,1001,leaked,ALLOW,allow,0,0.007,passed
67,1001,guessed,DENY,binding_mismatch,0,0.007,blocked
68,1001,leaked,ALLOW,allow,0,0.007,passed
69,1001,guessed,DENY,binding_mismatch,0,0.007,blocked
70,1001,leaked,ALLOW,allow,0,0.007,passed
71,1001,blind,DENY,binding_mismatch,0,0.007,blocked
72,1001,blind,DENY,binding_mismatch,0,0.007,blocked
73,1001,guessed,DENY,binding_mismatch,0,0.007,blocked
74,1001,blind,DENY,binding_mismatch,0,0.007,blocked
75,1001,leaked,ALLOW,allow,0,0.007,passed
76,1001,leaked,ALLOW,allow,0,0.008,passed
77,1001,guessed,DENY,binding_mismatch,0,0.009,blocked
78,1001,guessed,DENY,binding_mismatch,0,0.010,blocked
79,1001,guessed,DENY,binding_mismatch,0,0.010,blocked
80,1001,blind,DENY,binding_mismatch,0,0.010,blocked
81,1001,leaked,ALLOW,allow,0,0.010,passed
82,1001,guessed,DENY,binding_mismatch,0,0.010,blocked
83,1001,leaked,ALLOW,allow,0,0.010,passed
84,1001,blind,DENY,binding_mismatch,0,0.009,blocked
85,1001,leaked,ALLOW,allow,0,0.010,passed
86,1001,blind,DENY,binding_mismatch,0,0.009,blocked
87,1001,blind,DENY,binding_mismatch,0,0.010,blocked
88,1001,leaked,ALLOW,allow,0,0.007,passed
89,1001,leaked,ALLOW,allow,0,0.007,passed
90,1001,blind,DENY,binding_mismatch,0,0.007,blocked
91,1001,leaked,ALLOW,allow,0,0.007,passed
92,1001,guessed,DENY,binding_mismatch,0,0.007,blocked
93,1001,guessed,DENY,binding_mismatch,0,0.007,blocked
94,1001,leaked,ALLOW,allow,0,0.017,passed
95,1001,guessed,DENY,binding_mismatch,0,0.011,blocked
96,1001,blind,DENY,binding_mismatch,0,0.007,blocked
97,1001,leaked,ALLOW,allow,0,0.008,passed
98,1001,guessed,DENY,binding_mismatch,0,0.007,blocked
99,1001,leaked,ALLOW,allow,0,0.007,passed
100,1001,guessed,DENY,binding_mismatch,0,0.007,blocked
101,1001,guessed,DENY,binding_mismatch,0,0.007,blocked
102,1001,guessed,DENY,binding_mismatch,0,0.007,blocked
103,1001,guessed,DENY,binding_mismatch,0,0.007,blocked
104,1001,blind,DENY,binding_mismatch,0,0.007,blocked
105,1001,leaked,ALLOW,allow,0,0.007,passed
106,1001,blind,DENY,binding_mismatch,0,0.007,blocked
107,1001,leaked,ALLOW,allow,0,0.007,passed
108,1001,leaked,ALLOW,allow,0,0.007,passed
109,1001,leaked,ALLOW,allow,0,0.007,passed
110,1001,leaked,ALLOW,allow,0,0.007,passed
111,1001,blind,DENY,binding_mismatch,0,0.007,blocked
112,1001,blind,DENY,binding_mismatch,0,0.007,blocked
113,1001,leaked,ALLOW,allow,0,0.007,passed
114,1001,guessed,DENY,binding_mismatch,0,0.007,blocked
115,1001,blind,DENY,binding_mismatch,0,0.007,blocked
116,1001,guessed,DENY,binding_mismatch,0,0.007,blocked
117,1001,leaked,ALLOW,allow,0,0.007,passed
118,1001,blind,DENY,binding_mismatch,0,0.007,blocked
119,1001,guessed,DENY,binding_mismatch,0,0.007,blocked
120,1001,guessed,DENY,binding_mismatch,0,0.007,blocked
121,1001,blind,DENY,binding_mismatch,0,0.007,blocked
122,1001,leaked,ALLOW,allow,0,0.007,passed
123,1001,guessed,DENY,binding_mismatch,0,0.007,blocked
124,1001,leaked,ALLOW,allow,0,0.007,passed
125,1001,leaked,ALLOW,allow,0,0.007,passed
126,1001,guessed,DENY,binding_mismatch,0,0.007,blocked
127,1001,blind,DENY,binding_mismatch,0,0.007,blocked
128,1001,guessed,DENY,binding_mismatch,0,0.007,blocked
129,1001,guessed,DENY,binding_mismatch,0,0.007,blocked
130,1001,guessed,DENY,binding_mismatch,0,0.007,blocked
131,1001,blind,DENY,binding_mismatch,0,0.007,blocked
132,1001,guessed,DENY,binding_mismatch,0,0.007,blocked
133,1001,leaked,ALLOW,allow,0,0.007,passed
134,1001,guessed,DENY,binding_mismatch,0,0.007,blocked
135,1001,guessed,DENY,binding_mismatch,0,0.007,blocked
136,1001,blind,DENY,binding_mismatch,0,0.007,blocked
137,1001,leaked,ALLOW,allow,0,0.007,passed
138,1001,leaked,ALLOW,allow,0,0.007,passed
139,1001,blind,DENY,binding_mismatch,0,0.007,blocked
140,1001,leaked,ALLOW,allow,0,0.007,passed
141,1001,guessed,DENY,binding_mismatch,0,0.007,blocked
142,1001,leaked,ALLOW,allow,0,0.007,passed
143,1001,blind,DENY,binding_mismatch,0,0.007,blocked
144,1001,blind,DENY,binding_mismatch,0,0.007,blocked
145,1001,guessed,DENY,binding_mismatch,0,0.007,blocked
146,1001,blind,DENY,binding_mismatch,0,0.007,blocked
147,1001,leaked,ALLOW,allow,0,0.007,passed
148,1001,leaked,ALLOW,allow,0,0.007,passed
149,1001,guessed,DENY,binding_mismatch,0,0.007,blocked
150,1001,blind,DENY,binding_mismatch,0,0.007,blocked
151,1001,leaked,ALLOW,allow,0,0.007,passed
152,1001,leaked,ALLOW,allow,0,0.008,passed
153,1001,guessed,DENY,binding_mismatch,0,0.007,blocked
154,1001,blind,DENY,binding_mismatch,0,0.007,blocked
155,1001,leaked,ALLOW,allow,0,0.007,passed
156,1001,blind,DENY,binding_mismatch,0,0.007,blocked
157,1001,leaked,ALLOW,allow,0,0.007,passed
158,1001,leaked,ALLOW,allow,0,0.007,passed
159,1001,guessed,DENY,binding_mismatch,0,0.007,blocked
160,1001,guessed,DENY,binding_mismatch,0,0.007,blocked
161,1001,blind,DENY,binding_mismatch,0,0.012,blocked
162,1001,guessed,DENY,binding_mismatch,0,0.008,blocked
163,1001,leaked,ALLOW,allow,0,0.007,passed
164,1001,blind,DENY,binding_mismatch,0,0.007,blocked
165,1001,blind,DENY,binding_mismatch,0,0.007,blocked
166,1001,blind,DENY,binding_mismatch,0,0.007,blocked
167,1001,guessed,DENY,binding_mismatch,0,0.007,blocked
168,1001,leaked,ALLOW,allow,0,0.011,passed
169,1001,leaked,ALLOW,allow,0,0.010,passed
170,1001,leaked,ALLOW,allow,0,0.010,passed
171,1001,leaked,ALLOW,allow,0,0.009,passed
172,1001,guessed,DENY,binding_mismatch,0,0.009,blocked
173,1001,leaked,ALLOW,allow,0,0.007,passed
174,1001,blind,DENY,binding_mismatch,0,0.007,blocked
175,1001,leaked,ALLOW,allow,0,0.007,passed
176,1001,guessed,DENY,binding_mismatch,0,0.007,blocked
177,1001,leaked,ALLOW,allow,0,0.007,passed
178,1001,guessed,DENY,binding_mismatch,0,0.007,blocked
179,1001,leaked,ALLOW,allow,0,0.007,passed
180,1001,guessed,DENY,binding_mismatch,0,0.007,blocked
181,1001,guessed,DENY,binding_mismatch,0,0.007,blocked
182,1001,blind,DENY,binding_mismatch,0,0.007,blocked
183,1001,blind,DENY,binding_mismatch,0,0.007,blocked
184,1001,guessed,DENY,binding_mismatch,0,0.007,blocked
185,1001,guessed,DENY,binding_mismatch,0,0.007,blocked
186,1001,blind,DENY,binding_mismatch,0,0.007,blocked
187,1001,leaked,ALLOW,allow,0,0.007,passed
188,1001,leaked,ALLOW,allow,0,0.007,passed
189,1001,blind,DENY,binding_mismatch,0,0.007,blocked
190,1001,blind,DENY,binding_mismatch,0,0.007,blocked
191,1001,leaked,ALLOW,allow,0,0.007,passed
192,1001,guessed,DENY,binding_mismatch,0,0.007,blocked
193,1001,blind,DENY,binding_mismatch,0,0.007,blocked
194,1001,blind,DENY,binding_mismatch,0,0.007,blocked
195,1001,blind,DENY,binding_mismatch,0,0.007,blocked
196,1001,leaked,ALLOW,allow,0,0.007,passed
197,1001,leaked,ALLOW,allow,0,0.007,passed
198,1001,leaked,ALLOW,allow,0,0.007,passed
199,1001,guessed,DENY,binding_mismatch,0,0.012,blocked
200,1001,guessed,DENY,binding_mismatch,0,0.008,blocked
201,1001,leaked,ALLOW,allow,0,0.008,passed
202,1001,leaked,ALLOW,allow,0,0.007,passed
203,1001,leaked,ALLOW,allow,0,0.007,passed
204,1001,blind,DENY,binding_mismatch,0,0.007,blocked
205,1001,guessed,DENY,binding_mismatch,0,0.007,blocked
206,1001,guessed,DENY,binding_mismatch,0,0.007,blocked
207,1001,guessed,DENY,binding_mismatch,0,0.007,blocked
208,1001,leaked,ALLOW,allow,0,0.007,passed
209,1001,blind,DENY,binding_mismatch,0,0.007,blocked
210,1001,blind,DENY,binding_mismatch,0,0.007,blocked
211,1001,blind,DENY,binding_mismatch,0,0.007,blocked
212,1001,blind,DENY,binding_mismatch,0,0.007,blocked
213,1001,blind,DENY,binding_mismatch,0,0.007,blocked
214,1001,leaked,ALLOW,allow,0,0.007,passed
215,1001,guessed,DENY,binding_mismatch,0,0.007,blocked
216,1001,leaked,ALLOW,allow,0,0.007,passed
217,1001,guessed,DENY,binding_mismatch,0,0.007,blocked
218,1001,blind,DENY,binding_mismatch,0,0.007,blocked
219,1001,blind,DENY,binding_mismatch,0,0.007,blocked
220,1001,blind,DENY,binding_mismatch,0,0.007,blocked
221,1001,leaked,ALLOW,allow,0,0.007,passed
222,1001,guessed,DENY,binding_mismatch,0,0.007,blocked
223,1001,guessed,DENY,binding_mismatch,0,0.007,blocked
224,1001,guessed,DENY,binding_mismatch,0,0.007,blocked
225,1001,blind,DENY,binding_mismatch,0,0.007,blocked
226,1001,guessed,DENY,binding_mismatch,0,0.007,blocked
227,1001,blind,DENY,binding_mismatch,0,0.007,blocked
228,1001,leaked,ALLOW,allow,0,0.007,passed
229,1001,blind,DENY,binding_mismatch,0,0.007,blocked
230,1001,guessed,DENY,binding_mismatch,0,0.007,blocked
231,1001,blind,DENY,binding_mismatch,0,0.007,blocked
232,1001,leaked,ALLOW,allow,0,0.007,passed
233,1001,leaked,ALLOW,allow,0,0.007,passed
234,1001,leaked,ALLOW,allow,0,0.007,passed
235,1001,guessed,DENY,binding_mismatch,0,0.007,blocked
236,1001,blind,DENY,binding_mismatch,0,0.007,blocked
237,1001,blind,DENY,binding_mismatch,0,0.007,blocked
238,1001,leaked,ALLOW,allow,0,0.007,passed
239,1001,guessed,DENY,binding_mismatch,0,0.007,blocked
240,1001,guessed,DENY,binding_mismatch,0,0.007,blocked
241,1001,guessed,DENY,binding_mismatch,0,0.007,blocked
242,1001,blind,DENY,binding_mismatch,0,0.007,blocked
243,1001,blind,DENY,binding_mismatch,0,0.007,blocked
244,1001,blind,DENY,binding_mismatch,0,0.007,blocked
245,1001,leaked,ALLOW,allow,0,0.007,passed
246,1001,blind,DENY,binding_mismatch,0,0.007,blocked
247,1001,leaked,ALLOW,allow,0,0.007,passed
248,1001,guessed,DENY,binding_mismatch,0,0.007,blocked
249,1001,blind,DENY,binding_mismatch,0,0.007,blocked
250,1001,blind,DENY,binding_mismatch,0,0.007,blocked
251,1001,leaked,ALLOW,allow,0,0.007,passed
252,1001,leaked,ALLOW,allow,0,0.007,passed
253,1001,guessed,DENY,binding_mismatch,0,0.007,blocked
254,1001,blind,DENY,binding_mismatch,0,0.007,blocked
255,1001,guessed,DENY,binding_mismatch,0,0.007,blocked
256,1001,leaked,ALLOW,allow,0,0.007,passed
257,1001,guessed,DENY,binding_mismatch,0,0.007,blocked
258,1001,leaked,ALLOW,allow,0,0.007,passed
259,1001,leaked,ALLOW,allow,0,0.007,passed
260,1001,leaked,ALLOW,allow,0,0.007,passed
261,1001,guessed,DENY,binding_mismatch,0,0.007,blocked
262,1001,leaked,ALLOW,allow,0,0.007,passed
263,1001,leaked,ALLOW,allow,0,0.007,passed
264,1001,guessed,DENY,binding_mismatch,0,0.007,blocked
265,1001,leaked,ALLOW,allow,0,0.007,passed
266,1001,guessed,DENY,binding_mismatch,0,0.007,blocked
267,1001,guessed,DENY,binding_mismatch,0,0.007,blocked
268,1001,blind,DENY,binding_mismatch,0,0.007,blocked
269,1001,guessed,DENY,binding_mismatch,0,0.007,blocked
270,1001,blind,DENY,binding_mismatch,0,0.007,blocked
271,1001,guessed,DENY,binding_mismatch,0,0.007,blocked
272,1001,blind,DENY,binding_mismatch,0,0.007,blocked
273,1001,guessed,DENY,binding_mismatch,0,0.007,blocked
274,1001,leaked,ALLOW,allow,0,0.007,passed
275,1001,leaked,ALLOW,allow,0,0.007,passed
276,1001,blind,DENY,binding_mismatch,0,0.007,blocked
277,1001,leaked,ALLOW,allow,0,0.007,passed
278,1001,blind,DENY,binding_mismatch,0,0.007,blocked
279,1001,leaked,ALLOW,allow,0,0.007,passed
280,1001,blind,DENY,binding_mismatch,0,0.007,blocked
281,1001,guessed,DENY,binding_mismatch,0,0.007,blocked
282,1001,blind,DENY,binding_mismatch,0,0.007,blocked
283,1001,guessed,DENY,binding_mismatch,0,0.007,blocked
284,1001,leaked,ALLOW,allow,0,0.007,passed
285,1001,leaked,ALLOW,allow,0,0.007,passed
286,1001,guessed,DENY,binding_mismatch,0,0.007,blocked
287,1001,leaked,ALLOW,allow,0,0.007,passed
288,1001,leaked,ALLOW,allow,0,0.007,passed
289,1001,blind,DENY,binding_mismatch,0,0.007,blocked
290,1001,leaked,ALLOW,allow,0,0.007,passed
291,1001,blind,DENY,binding_mismatch,0,0.007,blocked
292,1001,guessed,DENY,binding_mismatch,0,0.007,blocked
293,1001,blind,DENY,binding_mismatch,0,0.007,blocked
294,1001,blind,DENY,binding_mismatch,0,0.007,blocked
295,1001,blind,DENY,binding_mismatch,0,0.007,blocked
296,1001,leaked,ALLOW,allow,0,0.007,passed
297,1001,blind,DENY,binding_mismatch,0,0.007,blocked
298,1001,leaked,ALLOW,allow,0,0.007,passed
299,1001,blind,DENY,binding_mismatch,0,0.007,blocked
300,1001,guessed,DENY,binding_mismatch,0,0.007,blocked
301,1001,leaked,ALLOW,allow,0,0.007,passed
302,1001,leaked,ALLOW,allow,0,0.007,passed
303,1001,blind,DENY,binding_mismatch,0,0.007,blocked
304,1001,leaked,ALLOW,allow,0,0.007,passed
305,1001,guessed,DENY,binding_mismatch,0,0.007,blocked
306,1001,blind,DENY,binding_mismatch,0,0.007,blocked
307,1001,leaked,ALLOW,allow,0,0.013,passed
308,1001,guessed,DENY,binding_mismatch,0,0.010,blocked
309,1001,blind,DENY,binding_mismatch,0,0.013,blocked
310,1001,guessed,DENY,binding_mismatch,0,0.008,blocked
311,1001,guessed,DENY,binding_mismatch,0,0.007,blocked
312,1001,blind,DENY,binding_mismatch,0,0.007,blocked
313,1001,guessed,DENY,binding_mismatch,0,0.007,blocked
314,1001,leaked,ALLOW,allow,0,0.007,passed
315,1001,leaked,ALLOW,allow,0,0.007,passed
316,1001,leaked,ALLOW,allow,0,0.007,passed
317,1001,leaked,ALLOW,allow,0,0.007,passed
318,1001,guessed,DENY,binding_mismatch,0,0.007,blocked
319,1001,blind,DENY,binding_mismatch,0,0.007,blocked
320,1001,leaked,ALLOW,allow,0,0.007,passed
321,1001,leaked,ALLOW,allow,0,0.016,passed
322,1001,guessed,DENY,binding_mismatch,0,0.007,blocked
323,1001,blind,DENY,binding_mismatch,0,0.007,blocked
324,1001,blind,DENY,binding_mismatch,0,0.007,blocked
325,1001,guessed,DENY,binding_mismatch,0,0.007,blocked
326,1001,guessed,DENY,binding_mismatch,0,0.007,blocked
327,1001,guessed,DENY,binding_mismatch,0,0.010,blocked
328,1001,guessed,DENY,binding_mismatch,0,0.010,blocked
329,1001,leaked,ALLOW,allow,0,0.010,passed
330,1001,guessed,DENY,binding_mismatch,0,0.010,blocked
331,1001,leaked,ALLOW,allow,0,0.010,passed
332,1001,guessed,DENY,binding_mismatch,0,0.007,blocked
333,1001,blind,DENY,binding_mismatch,0,0.007,blocked
334,1001,leaked,ALLOW,allow,0,0.007,passed
335,1001,blind,DENY,binding_mismatch,0,0.007,blocked
336,1001,leaked,ALLOW,allow,0,0.007,passed
337,1001,blind,DENY,binding_mismatch,0,0.007,blocked
338,1001,leaked,ALLOW,allow,0,0.007,passed
339,1001,leaked,ALLOW,allow,0,0.007,passed
340,1001,leaked,ALLOW,allow,0,0.007,passed
341,1001,leaked,ALLOW,allow,0,0.007,passed
342,1001,leaked,ALLOW,allow,0,0.007,passed
343,1001,leaked,ALLOW,allow,0,0.007,passed
344,1001,blind,DENY,binding_mismatch,0,0.007,blocked
345,1001,leaked,ALLOW,allow,0,0.007,passed
346,1001,blind,DENY,binding_mismatch,0,0.007,blocked
347,1001,guessed,DENY,binding_mismatch,0,0.007,blocked
348,1001,leaked,ALLOW,allow,0,0.007,passed
349,1001,leaked,ALLOW,allow,0,0.007,passed
350,1001,leaked,ALLOW,allow,0,0.007,passed
351,1001,leaked,ALLOW,allow,0,0.007,passed
352,1001,blind,DENY,binding_mismatch,0,0.007,blocked
353,1001,leaked,ALLOW,allow,0,0.007,passed
354,1001,blind,DENY,binding_mismatch,0,0.007,blocked
355,1001,blind,DENY,binding_mismatch,0,0.007,blocked
356,1001,guessed,DENY,binding_mismatch,0,0.007,blocked
357,1001,blind,DENY,binding_mismatch,0,0.007,blocked
358,1001,leaked,ALLOW,allow,0,0.007,passed
359,1001,guessed,DENY,binding_mismatch,0,0.007,blocked
360,1001,blind,DENY,binding_mismatch,0,0.007,blocked
361,1001,guessed,DENY,binding_mismatch,0,0.007,blocked
362,1001,guessed,DENY,binding_mismatch,0,0.007,blocked
363,1001,blind,DENY,binding_mismatch,0,0.007,blocked
364,1001,guessed,DENY,binding_mismatch,0,0.007,blocked
365,1001,leaked,ALLOW,allow,0,0.007,passed
366,1001,blind,DENY,binding_mismatch,0,0.007,blocked
367,1001,guessed,DENY,binding_mismatch,0,0.007,blocked
368,1001,guessed,DENY,binding_mismatch,0,0.007,blocked
369,1001,guessed,DENY,binding_mismatch,0,0.007,blocked
370,1001,blind,DENY,binding_mismatch,0,0.007,blocked
371,1001,guessed,DENY,binding_mismatch,0,0.007,blocked
372,1001,leaked,ALLOW,allow,0,0.007,passed
373,1001,guessed,DENY,binding_mismatch,0,0.007,blocked
374,1001,blind,DENY,binding_mismatch,0,0.007,blocked
375,1001,guessed,DENY,binding_mismatch,0,0.007,blocked
376,1001,guessed,DENY,binding_mismatch,0,0.007,blocked
377,1001,guessed,DENY,binding_mismatch,0,0.007,blocked
378,1001,leaked,ALLOW,allow,0,0.007,passed
379,1001,blind,DENY,binding_mismatch,0,0.007,blocked
380,1001,blind,DENY,binding_mismatch,0,0.007,blocked
381,1001,blind,DENY,binding_mismatch,0,0.007,blocked
382,1001,guessed,DENY,binding_mismatch,0,0.007,blocked
383,1001,guessed,DENY,binding_mismatch,0,0.007,blocked
384,1001,leaked,ALLOW,allow,0,0.008,passed
385,1001,guessed,DENY,binding_mismatch,0,0.007,blocked
386,1001,leaked,ALLOW,allow,0,0.007,passed
387,1001,leaked,ALLOW,allow,0,0.007,passed
388,1001,guessed,DENY,binding_mismatch,0,0.007,blocked
389,1001,blind,DENY,binding_mismatch,0,0.007,blocked
390,1001,guessed,DENY,binding_mismatch,0,0.007,blocked
391,1001,blind,DENY,binding_mismatch,0,0.007,blocked
392,1001,guessed,DENY,binding_mismatch,0,0.007,blocked
393,1001,blind,DENY,binding_mismatch,0,0.007,blocked
394,1001,blind,DENY,binding_mismatch,0,0.007,blocked
395,1001,blind,DENY,binding_mismatch,0,0.007,blocked
396,1001,guessed,DENY,binding_mismatch,0,0.007,blocked
397,1001,guessed,DENY,binding_mismatch,0,0.007,blocked
398,1001,leaked,ALLOW,allow,0,0.007,passed
399,1001,guessed,DENY,binding_mismatch,0,0.007,blocked
400,1001,blind,DENY,binding_mismatch,0,0.007,blocked
401,1001,guessed,DENY,binding_mismatch,0,0.007,blocked
402,1001,guessed,DENY,binding_mismatch,0,0.007,blocked
403,1001,blind,DENY,binding_mismatch,0,0.007,blocked
404,1001,blind,DENY,binding_mismatch,0,0.007,blocked
405,1001,blind,DENY,binding_mismatch,0,0.007,blocked
406,1001,guessed,DENY,binding_mismatch,0,0.007,blocked
407,1001,guessed,DENY,binding_mismatch,0,0.007,blocked
408,1001,leaked,ALLOW,allow,0,0.007,passed
409,1001,leaked,ALLOW,allow,0,0.007,passed
410,1001,guessed,DENY,binding_mismatch,0,0.007,blocked
411,1001,leaked,ALLOW,allow,0,0.007,passed
412,1001,blind,DENY,binding_mismatch,0,0.007,blocked
413,1001,blind,DENY,binding_mismatch,0,0.007,blocked
414,1001,guessed,DENY,binding_mismatch,0,0.007,blocked
415,1001,leaked,ALLOW,allow,0,0.014,passed
416,1001,blind,DENY,binding_mismatch,0,0.007,blocked
417,1001,leaked,ALLOW,allow,0,0.007,passed
418,1001,guessed,DENY,binding_mismatch,0,0.007,blocked
419,1001,guessed,DENY,binding_mismatch,0,0.007,blocked
420,1001,leaked,ALLOW,allow,0,0.007,passed
421,1001,leaked,ALLOW,allow,0,0.007,passed
422,1001,guessed,DENY,binding_mismatch,0,0.007,blocked
423,1001,blind,DENY,binding_mismatch,0,0.007,blocked
424,1001,guessed,DENY,binding_mismatch,0,0.007,blocked
425,1001,guessed,DENY,binding_mismatch,0,0.007,blocked
426,1001,blind,DENY,binding_mismatch,0,0.007,blocked
427,1001,blind,DENY,binding_mismatch,0,0.007,blocked
428,1001,guessed,DENY,binding_mismatch,0,0.007,blocked
429,1001,guessed,DENY,binding_mismatch,0,0.007,blocked
430,1001,guessed,DENY,binding_mismatch,0,0.007,blocked
431,1001,leaked,ALLOW,allow,0,0.007,passed
432,1001,blind,DENY,binding_mismatch,0,0.007,blocked
433,1001,blind,DENY,binding_mismatch,0,0.007,blocked
434,1001,leaked,ALLOW,allow,0,0.007,passed
435,1001,guessed,DENY,binding_mismatch,0,0.007,blocked
436,1001,leaked,ALLOW,allow,0,0.007,passed
437,1001,guessed,DENY,binding_mismatch,0,0.007,blocked
438,1001,blind,DENY,binding_mismatch,0,0.007,blocked
439,1001,blind,DENY,binding_mismatch,0,0.007,blocked
440,1001,leaked,ALLOW,allow,0,0.007,passed
441,1001,leaked,ALLOW,allow,0,0.010,passed
442,1001,guessed,DENY,binding_mismatch,0,0.007,blocked
443,1001,blind,DENY,binding_mismatch,0,0.007,blocked
444,1001,blind,DENY,binding_mismatch,0,0.007,blocked
445,1001,leaked,ALLOW,allow,0,0.007,passed
446,1001,blind,DENY,binding_mismatch,0,0.007,blocked
447,1001,blind,DENY,binding_mismatch,0,0.007,blocked
448,1001,blind,DENY,binding_mismatch,0,0.007,blocked
449,1001,blind,DENY,binding_mismatch,0,0.007,blocked
450,1001,blind,DENY,binding_mismatch,0,0.007,blocked
451,1001,leaked,ALLOW,allow,0,0.007,passed
452,1001,leaked,ALLOW,allow,0,0.007,passed
453,1001,leaked,ALLOW,allow,0,0.007,passed
454,1001,leaked,ALLOW,allow,0,0.007,passed
455,1001,leaked,ALLOW,allow,0,0.007,passed
456,1001,blind,DENY,binding_mismatch,0,0.007,blocked
457,1001,blind,DENY,binding_mismatch,0,0.007,blocked
458,1001,leaked,ALLOW,allow,0,0.007,passed
459,1001,blind,DENY,binding_mismatch,0,0.007,blocked
460,1001,blind,DENY,binding_mismatch,0,0.007,blocked
461,1001,guessed,DENY,binding_mismatch,0,0.007,blocked
462,1001,blind,DENY,binding_mismatch,0,0.007,blocked
463,1001,leaked,ALLOW,allow,0,0.007,passed
464,1001,leaked,ALLOW,allow,0,0.007,passed
465,1001,guessed,DENY,binding_mismatch,0,0.007,blocked
466,1001,leaked,ALLOW,allow,0,0.007,passed
467,1001,guessed,DENY,binding_mismatch,0,0.007,blocked
468,1001,leaked,ALLOW,allow,0,0.007,passed
469,1001,guessed,DENY,binding_mismatch,0,0.007,blocked
470,1001,blind,DENY,binding_mismatch,0,0.007,blocked
471,1001,blind,DENY,binding_mismatch,0,0.007,blocked
472,1001,blind,DENY,binding_mismatch,0,0.007,blocked
473,1001,leaked,ALLOW,allow,0,0.007,passed
474,1001,leaked,ALLOW,allow,0,0.007,passed
475,1001,blind,DENY,binding_mismatch,0,0.007,blocked
476,1001,leaked,ALLOW,allow,0,0.007,passed
477,1001,blind,DENY,binding_mismatch,0,0.007,blocked
478,1001,leaked,ALLOW,allow,0,0.007,passed
479,1001,blind,DENY,binding_mismatch,0,0.007,blocked
480,1001,blind,DENY,binding_mismatch,0,0.015,blocked
481,1001,leaked,ALLOW,allow,0,0.008,passed
482,1001,leaked,ALLOW,allow,0,0.007,passed
483,1001,leaked,ALLOW,allow,0,0.007,passed
484,1001,guessed,DENY,binding_mismatch,0,0.007,blocked
485,1001,blind,DENY,binding_mismatch,0,0.007,blocked
486,1001,blind,DENY,binding_mismatch,0,0.009,blocked
487,1001,leaked,ALLOW,allow,0,0.010,passed
488,1001,guessed,DENY,binding_mismatch,0,0.010,blocked
489,1001,leaked,ALLOW,allow,0,0.010,passed
490,1001,blind,DENY,binding_mismatch,0,0.009,blocked
491,1001,guessed,DENY,binding_mismatch,0,0.008,blocked
492,1001,blind,DENY,binding_mismatch,0,0.007,blocked
493,1001,blind,DENY,binding_mismatch,0,0.007,blocked
494,1001,leaked,ALLOW,allow,0,0.007,passed
495,1001,blind,DENY,binding_mismatch,0,0.007,blocked
496,1001,guessed,DENY,binding_mismatch,0,0.007,blocked
497,1001,blind,DENY,binding_mismatch,0,0.007,blocked
498,1001,guessed,DENY,binding_mismatch,0,0.007,blocked
499,1001,leaked,ALLOW,allow,0,0.007,passed
